pretty_model,adv_accuracy,count,fooling_rate,brain_score
ConvNeXt-Large,0.43703703703703706,135,0.5629629629629629,0.47
ConvNeXt-Tiny,0.3851851851851852,135,0.6148148148148148,0.41
DenseNet-121,0.3851851851851852,135,0.6148148148148148,0.31
ResNet-18,0.4,135,0.6,0.32
ResNet-50,0.3925925925925926,135,0.6074074074074074,0.39
